zeme,year,co2,population,gdp,primary_energy_consumption,gdp_pc,en_int,co2_int,population_g,gdp_pc_g,en_int_g,co2_int_g,interactions,co2_g
United States,1990,5131.761,253373387.0,9737636593624.97,22609.195,38431.96283919499,2.3218359796669525e-09,0.22697672340833014,,,,,,
United States,1991,5076.413,256471424.0,9727089478755.8,22579.719,37926.601439838385,2.321323253920369e-09,0.2248217969408742,1.2227160226578881,-1.314950791015046,-0.022082772042197885,-0.9494041658092089,-0.01481644083298761,-1.0785381470415523
United States,1992,5178.77,259606021.0,10069725930661.5,22913.111,38788.491468237175,2.2754453455611373e-09,0.22601775900269502,1.2222012694872442,2.2725211215298913,-1.976368792314931,0.5319600137060343,-0.03398830554293131,2.0163253068653075
United States,1993,5279.52,262633229.0,10346824232649.6,23396.387,39396.47801630463,2.26121430826787e-09,0.22565535439296677,1.1660777313019288,1.5674405604696462,-0.6254176713595294,-0.16034342227237985,-0.0023145544230995796,1.9454426437165662
United States,1994,5361.863,265474811.0,10763700132799.0,23824.131,40545.090105738884,2.2133774358320737e-09,0.2250601711348884,1.0819582924900928,2.9155197298572855,-2.1155390827347187,-0.2637576492166338,-0.05851298721694098,1.5596683031790848
United States,1995,5425.837,268205796.0,11052644207040.4,24343.418,41209.565087252624,2.202497207364509e-09,0.22288722972262975,1.028717184019401,1.6388543712218429,-0.49156679251474156,-0.9654935394838526,-0.017381148863648832,1.1931300743790008
United States,1996,5601.094,270860695.0,11469635349338.5,25165.373,42345.14479606759,2.1940865802199534e-09,0.22257146754788812,0.9898738355378356,2.755621677662967,-0.3818677779219404,-0.14166902928202108,0.00808672293881596,3.2300454289356573
United States,1997,5673.144,273468014.0,11979704707077.8,25354.096,43806.60294361812,2.1164207816425054e-09,0.2237565086130462,0.9626051502230615,3.451300390136458,-3.539778205546573,0.5324317075382057,-0.12020319829640913,1.286355844054743
United States,1998,5736.36,276119323.0,12516770844481.1,25513.363,45331.02105455003,2.0383342730325183e-09,0.22483747046596717,0.9695133852107407,3.4798820463068925,-3.689554992433308,0.48309738993574936,-0.1286350720303142,1.1143027569897601
United States,1999,5800.281,278785482.0,13116127034705.4,25965.076,47047.38188161965,1.979629804689765e-09,0.2233877921250837,0.9655821878137738,3.78628318343901,-2.8800216490210917,-0.6447672346958311,-0.11276357830420913,1.1143129092316517
United States,2000,6023.158,281484126.0,13650948362520.0,26546.236,48496.33461220474,1.9446440858926155e-09,0.22689310831109918,0.9680001916312131,3.0797733532355265,-1.7672859195324353,1.5691619280845615,-0.007128820371615774,3.84252073304725
United States,2001,5903.562,284279634.0,13781388409036.2,25918.357,48478.28251050935,1.8806782183866046e-09,0.22777531770242998,0.993131669527969,-0.0372236414148408,-3.2893354609231595,0.38882158999786753,-0.04099705852299573,-1.9856029013351595
United States,2002,5947.819,287084335.0,14015733659783.6,26297.27,48820.96287066168,1.8762678171786854e-09,0.22617629130324177,0.9865993425332675,0.7068739699638504,-0.23451120796744718,-0.7020191719267932,-0.007276883529450107,0.7496660490734275
United States,2003,6006.44,289908091.0,14407558345762.9,26383.084,49696.986020865836,1.8311974428171561e-09,0.22766254316591647,0.9835980775474873,1.7943586088724928,-2.4021290536923923,0.6571209803250433,-0.04736045040008019,0.9855881626525509
United States,2004,6111.545,292786248.0,14961928297813.8,26899.117,51101.88200442324,1.7978375824679248e-09,0.227202439396059,0.992782571218398,2.82692391640722,-1.8217511432251476,-0.20209902053239803,-0.04598451960464711,1.7498718042634254
United States,2005,6126.903,295716666.0,15483134541390.2,26912.564,52358.00454138151,1.7381857612911742e-09,0.22765957936969516,1.0008728278795287,2.458074903874463,-3.3179760929719526,0.2012038140309258,-0.09088056747710294,0.2512948853358621
United States,2006,6045.326,298730208.0,15914268559668.9,26699.963,53273.04749732207,1.677737365050191e-09,0.22641701788126073,1.019063971186518,1.7476658324848016,-3.477671810870231,-0.5457980252246086,-0.07471568019344899,-1.331455712616969
United States,2007,6121.542,301844223.0,16233167950743.9,27066.711,53779.952418515895,1.6673708472756633e-09,0.22616497438495578,1.0424171766385326,0.9515222894265651,-0.6178868034102281,-0.11131826514786392,-0.0039918006644157344,1.26074259684259
United States,2008,5919.221,304970325.0,16251606759787.8,26407.25,53289.141360844864,1.6249008722842615e-09,0.22415135994849897,1.0356673283092865,-0.9126282854464707,-2.547122318996642,-0.8903299204188198,0.009347250750091352,-3.3050659458025544
United States,2009,5486.104,308023452.0,15832884074310.8,25110.527,51401.55391255988,1.5859730218540774e-09,0.2184782501777044,1.0011226502119497,-3.542161498724994,-2.3957061685529135,-2.5309281068372824,0.15054473825926173,-7.317128385643978
United States,2010,5669.25,311062785.0,16259610790677.0,25953.547,52271.154168046814,1.5961973096478636e-09,0.2184383506423997,0.9867212967926919,1.691778145396583,0.6446697171325955,-0.018262474764529912,0.033455110990088244,3.3383617955474287
United States,2011,5538.973,314105075.0,16513977256911.2,25729.088,52574.690991258896,1.5580188587962492e-09,0.21528058048540236,0.9780308499456103,0.5806966156443272,-2.391837814839881,-1.445611609733699,-0.0192363247399574,-2.2979582837236
United States,2012,5331.467,317115349.0,16892000920975.5,25047.367,53267.68626697883,1.4827945556702902e-09,0.21285538715506505,0.9583652858840219,1.3181157371617402,-4.828202348210242,-1.1265267516787247,-0.06804207477877355,-3.746290151621978
United States,2013,5473.436,320110752.0,17249744800617.5,25728.629,53886.8022796607,1.4915367906822004e-09,0.21273718082685245,0.9445783717015876,1.162273145446635,0.589578305266869,-0.05553363238417486,0.02195439124437204,2.662850581275289
United States,2014,5531.385,323115377.0,17685097277697.8,25995.914,54733.07226012274,1.4699333338009256e-09,0.21277901596381646,0.9386204559601818,1.5704587109661494,-1.4484025480453466,0.019665174090111037,-0.021610129716043147,1.0587316632550525
United States,2015,5368.497,326126496.0,18206020741000.0,25747.426,55825.0279088026,1.414225896272695e-09,0.20850616290731355,0.9319021050489873,1.9950563774133956,-3.789793472074232,-2.0081176882731255,-0.07384324573993517,-2.94479592362491
United States,2016,5245.362,329179423.0,18537270454435.6,25727.051,56313.57599905509,1.3878554053163758e-09,0.20388508577994424,0.9361174383083481,0.8751416856442873,-1.8646590354356118,-2.216278436538832,-0.023980379923838058,-2.2936587279456466
United States,2017,5195.417,332204657.0,18992846546661.7,25822.156,57172.12611700895,1.3595727178946045e-09,0.2011999695145518,0.9190228151046975,1.5245881702988795,-2.037869890006583,-1.3169753222119107,-0.04094028468686339,-0.9521745115017799
United States,2018,5361.236,335056492.0,19556270302218.3,26768.988,58367.08366844091,1.3688186748453539e-09,0.20027787378439557,0.858457261181611,2.090105148418564,0.680063436773537,-0.45829814605887753,0.021312162279440994,3.1916398625942755
United States,2019,5235.912,337790069.0,20061570168697.6,26578.494,59390.64528477183,1.3248461499524529e-09,0.19699806919082777,0.8158555542926216,1.7536624275171109,-3.212443379169183,-1.6376270286844519,-0.05704285981927848,-2.337595285863181
United States,2020,4689.954,339436156.0,19627632559934.5,24630.395,57824.22471203834,1.254883640438508e-09,0.19041326783431609,0.48731065566052223,-2.6374870406318585,-5.2808025683929944,-3.3425715204006057,0.3463698794386687,-10.427180594326268
United States,2021,5020.111,340161438.0,20816096100824.5,25956.828,61194.75571132934,1.2469594622486337e-09,0.1934023294371716,0.21367258236333342,5.828925534369156,-0.6314671683109507,1.5697759073471484,0.058757072704818114,7.039663928473505
United States,2022,5055.403,341534041.0,21339074561820.0,26512.51,62480.08104650394,1.2424395408147803e-09,0.1906799092202134,0.40351516858299075,2.100384780090958,-0.36247541084476476,-1.407646032434462,-0.030766161643758227,0.7030123437509639
United States,2023,4918.407,343477330.0,21955252291273.6,26216.545,63920.528004784486,1.1940898994096324e-09,0.1876069863515578,0.5689883779403493,2.3054498876344587,-3.89150858587779,-1.6115609039370593,-0.08126153801847336,-2.7098927622585145
United States,2024,4904.12,345426566.0,22568462768174.3,26528.611,65335.052336925066,1.175472661674159e-09,0.18486154439069577,0.5675006266061322,2.2129421897683743,-1.559115251261911,-1.463400704980844,-0.0484070908243317,-0.2904802306925802
China,1990,2483.534,1153582725.0,1041271896195.66,7938.25,902.6417209876821,7.623609192760125e-09,0.3128566119736718,,,,,,
China,1991,2619.143,1170788533.0,1138752669458.5,8337.61,972.6373613692542,7.321704021967038e-09,0.3141359454328039,1.4915105459818667,7.754531920481367,-3.9601344082511036,0.4089200643903057,-0.23450424541774328,5.460323877184692
China,1992,2731.29,1184574236.0,1301589870245.13,8773.708,1098.782862811757,6.740762355770054e-09,0.3113039549526836,1.1774716450865697,12.969427913494735,-7.934514485343936,-0.901517486710568,-1.0290471590052803,4.281820427521521
China,1993,2914.284,1197308574.0,1482889338698.69,9457.634,1238.5189339658816,6.377842063588879e-09,0.30814091558205786,1.0750139259317892,12.717350796366045,-5.383965092175624,-1.0160614153156167,-0.6924271837553153,6.6999110310512755
China,1994,3093.891,1209003099.0,1676743149158.28,10048.812,1386.8807702355443,5.9930538586333114e-09,0.3078862456576957,0.9767344236858433,11.978971996382072,-6.03320372500794,-0.08264722777275857,-0.6768665478819624,6.1629889194052545
China,1995,3351.197,1220133929.0,1861735071148.11,10352.658,1525.8448494043232,5.560757897532455e-09,0.3237040188133328,0.9206618253672527,10.01990092812215,-7.213283432754592,5.137538093605887,-0.548234832730687,8.31658258161001
China,1996,3499.311,1230944809.0,2047465483836.55,10907.45,1663.328419655044,5.327293713182198e-09,0.3208184314390623,0.8860404372871056,9.01032436583531,-4.19842382373552,-0.8914277261211523,-0.3867790508300111,4.419734202435732
China,1997,3512.35,1241139623.0,2237626840759.87,10981.134,1802.880835720342,4.90749118663188e-09,0.3198531226374252,0.8282104872177065,8.389949598422653,-7.880221162042023,-0.30088944619144353,-0.6644332681016945,0.3726162093051988
China,1998,3355.336,1250847122.0,2414864610327.86,11000.566,1930.5833365684955,4.5553551751733535e-09,0.30501485105402754,0.7821439925135731,7.083246896744,-7.175479243197691,-4.63908917350726,-0.5211628429598996,-4.4703403704072775
China,1999,3549.949,1260176650.0,2601702759078.63,11386.068,2064.5540123907467,4.376390792633158e-09,0.3117800631438351,0.7458567746538636,6.939388385086587,-3.928659251764821,2.217994325990791,-0.17447556486620552,5.8001046691002145
China,2000,3643.81,1269581174.0,2825096197799.54,11800.284,2225.2190373134345,4.176949446603344e-09,0.3087900257315841,0.7462861655149755,7.782069345651954,-4.557210621262087,-0.9590213633613898,-0.3681137111911861,2.644009815352266
China,2001,3724.114,1278725061.0,3059936242478.58,12470.063,2392.9586865886727,4.075268898380418e-09,0.2986443612995379,0.7202286224196941,7.538118561027352,-2.434325565170803,-3.2856192190823252,-0.3345553270359245,2.203847072157994
China,2002,4098.181,1286866835.0,3342778183071.46,13580.491,2597.6100185000573,4.0626360040203975e-09,0.3017697224643792,0.6367102865437513,8.55223005137331,-0.30998922218460345,1.046516047127577,0.11898904873820548,10.044456211598241
China,2003,4835.251,1294517323.0,3681006926650.74,15818.756,2843.5362441656102,4.297399139749271e-09,0.30566569204304056,0.5945050250673267,9.467403648510665,5.778591424300661,1.2910405811574543,0.8537557244170593,17.985296403453166
China,2004,5210.961,1302100316.0,4053944733453.66,18509.137,3113.3889483317353,4.565710244459003e-09,0.2815345199508762,0.5857776381413382,9.490039197489075,6.243569563458928,-7.894628910059842,-0.654530048923494,7.770227440106003
China,2005,5881.991,1310027135.0,4518455387849.41,21027.164,3449.131141737312,4.6536177067376165e-09,0.27973296826904476,0.6087717591798825,10.783817858204948,1.9253841696436735,-0.6399043648877556,0.1992098359462009,12.877279258086949
China,2006,6486.185,1318054030.0,5091154930758.42,23048.334,3862.629918713135,4.527132706324168e-09,0.2814166525007838,0.6127273844598546,11.988491013639614,-2.7179929333327135,0.6018898101848524,-0.21318524309673847,10.27193003185487
China,2007,6974.663,1325813576.0,5811552614974.09,25049.576,4383.385960270247,4.310307014249011e-09,0.2784343734999746,0.588712285186066,13.481903586834076,-4.789470646006522,-1.059737927484905,-0.6903547614826921,7.5310525370460235
China,2008,7492.404,1333821011.0,6373544042638.01,26020.463,4778.410288993423,4.0825736553991284e-09,0.2879427625865074,0.6039638713127848,9.011853674386948,-5.2834602754987525,3.4149480062430904,-0.32413658714680604,7.423168689297266
China,2009,7881.491,1342522717.0,6972829250985.1,27158.898,5193.825894109693,3.894961001112006e-09,0.2901992194234096,0.652389333219161,8.693594312592555,-4.595450569250814,0.7836477002002296,-0.3410945523664166,5.193086224394716
China,2010,8610.048,1351561505.0,7711689202853.29,29055.609,5705.762685844837,3.76773599605772e-09,0.29632997883472345,0.6732689052888485,9.856641369433095,-3.2663999721168846,2.1126036877338716,-0.13221584974598777,9.243898140592943
China,2011,9520.153,1360250658.0,8441318020902.42,31336.537,6205.707728393115,3.7122801110447872e-09,0.3038036079098338,0.642897342655524,8.762107190131974,-1.471862282043046,2.522063108329209,0.11506091586463008,10.57026627493829
China,2012,9767.311,1369520866.0,9104482675356.36,32624.18,6647.932792691279,3.5833095809282822e-09,0.2993887049421625,0.6815073343636735,7.126102028215775,-3.474159445371361,-1.4532095250763377,-0.28408463707194587,2.5961557550598036
China,2013,9942.371,1379008040.0,9812695262900.89,33852.566,7115.763634634713,3.449874381403371e-09,0.293696229703828,0.6927367253417138,7.037237838170762,-3.7237976934815675,-1.9013660650404995,-0.312505839990318,1.792304965000091
China,2014,9976.027,1387951970.0,10544908798424.0,34729.066,7597.459441211067,3.2934439418945442e-09,0.28725295981181875,0.6485770742859387,6.769418312769493,-4.534380740124011,-2.193855160655911,-0.3512486823636367,0.3385108039118734
China,2015,9858.04,1396134171.0,11280814787468.9,35135.988,8080.036304382454,3.1146675716217067e-09,0.2805681741466898,0.5895161487468492,6.351818879792015,-5.428249984725619,-2.3271424842787436,-0.3686478589487785,-1.1827052994142773
China,2016,9748.175,1404052628.0,12045152668727.3,35277.711,8578.846995133646,2.928789029929952e-09,0.2763267435350326,0.567170202153866,6.173371900329805,-5.967845280996508,-1.5117290564251928,-0.37543879581455375,-1.114471030752584
China,2017,10000.014,1412354730.0,12875216222853.4,36649.383,9116.134884083547,2.8465062151692376e-09,0.27285627155032866,0.5912956419465543,6.262938239307414,-2.809448339223075,-1.2559305481280592,-0.20540732292851915,2.583447670974315
China,2018,10346.79,1419008954.0,13745158275136.7,38409.82,9686.449290112583,2.794425442846929e-09,0.2693787682420798,0.4711439597048006,6.2560988103059545,-1.8296384544943756,-1.2744817220033844,-0.15536744837018057,3.4677551451428146
China,2019,10713.515,1423520357.0,14579283528148.4,40188.723,10241.710598978389,2.756563648851958e-09,0.26658012995337027,0.3179263236699814,5.732351372887345,-1.354904425590897,-1.0389231144581124,-0.11211418370903337,3.544335972799284
China,2020,10896.521,1426106093.0,14920466234565.3,41493.891,10462.38166136585,2.7810049865515414e-09,0.26260542786888796,0.18164376696720996,2.1546309110655137,0.8866596535785698,-1.4909971291474533,-0.023758327463430096,1.70817887500041
China,2021,11284.401,1426437269.0,16199162892908.6,43847.18,11356.379453170752,2.7067559163316205e-09,0.2573575085102394,0.023222395698718756,8.544878410487966,-2.669864692043933,-1.998404755467853,-0.34016309391408095,3.559668264760818
China,2022,11711.808,1425179562.0,16706875253648.5,44516.492,11722.645832924525,2.6645612254917834e-09,0.26308919400028197,-0.08817121000223027,3.225203783160935,-1.5588657471938716,2.227129693328722,-0.01770513539998131,3.7875913838935737
China,2023,12172.009,1422584930.0,17611526369126.6,47072.012,12379.94723388965,2.6727957028482376e-09,0.2585827221492041,-0.18205649794463818,5.607107903226183,0.3090368979956404,-1.7129064795694537,-0.09180559076403849,3.929376232943693
China,2024,12289.037,1419321284.0,18488114837769.3,48987.102,13026.025217958544,2.649653706170433e-09,0.2508627066773617,-0.22941660151004628,5.218745862666352,-0.8658348504954394,-2.98551094507693,-0.17653166251674346,0.9614518030671926
India,1990,577.987,864972221.0,465242841648.51,2300.701,537.8702695337889,4.945161524351136e-09,0.25122212751678724,,,,,,
India,1991,615.388,883927605.0,470159674247.956,2427.663,531.8983948328619,5.1634862217461944e-09,0.2534898789494259,2.191444249861063,-1.110281612349262,4.414915393965924,0.9026877747809525,0.07214097884203952,6.470906785100716
India,1992,655.424,902957075.0,495935689518.468,2552.772,549.2350669254881,5.147385142776537e-09,0.25674991734475305,2.1528312830551233,3.2593954524104074,-0.3118257370736677,1.2860625476797116,0.11935067195021354,6.505814218021788
India,1993,677.262,922118380.0,519496484311.542,2616.248,563.3728766056502,5.036122628369967e-09,0.25886766086395474,2.1220615608997795,2.5740908640999205,-2.1615346689708548,0.8248273421479047,-0.027556122490779433,3.3318889756859704
India,1994,714.043,941163772.0,554089360749.644,2757.121,588.7278890603579,4.975950081896192e-09,0.2589813794896923,2.0653955514909006,4.500573866365909,-1.1948189294439637,0.0439292514785361,0.01575795659832746,5.43083769648971
India,1995,760.48,960301046.0,596058814154.216,2963.118,620.6999530376602,4.971183932922036e-09,0.2566485708635296,2.033362797139193,5.4307031434049025,-0.09578369749922988,-0.9007630705957892,0.03587067942258937,6.503389851871666
India,1996,823.602,979678460.0,641058406947.109,3081.631,654.3559270937824,4.807098645933914e-09,0.26726171952449856,2.017847848933818,5.422261414941687,-3.300728542781428,4.135284535292572,0.02561877475157992,8.300284031138228
India,1997,857.976,999133764.0,667020123972.214,3252.01,667.5984217586846,4.875430115412034e-09,0.2638294470189206,1.985886675511872,2.0237448942682645,1.4214700906110656,-1.2842364823830943,0.026752661676598954,4.173617839684707
India,1998,875.783,1018665080.0,708271422053.216,3449.497,695.2937093447986,4.870303802460665e-09,0.25388716093969643,1.954824939736488,4.148495065814428,-0.10514586057062125,-3.768452002445022,-0.15425616213489146,2.0754659804003817
India,1999,961.194,1038225822.0,770923380745.097,3546.363,742.5392091096508,4.6001497536271915e-09,0.2710365520957668,1.9202328993156437,6.795042027544507,-5.546965031154338,6.754729578524743,-0.1705094525242714,9.752530021706285
India,2000,987.065,1057922731.0,800534479623.61,3725.401,756.7041109579958,4.653642153866482e-09,0.2649553699051458,1.8971700166401817,1.9076301526662398,1.1628404096434508,-2.24367604428215,-0.03241631443329229,2.69154822023443
India,2001,1001.198,1077898579.0,839151992864.812,3740.874,778.5073746393834,4.457921844681429e-09,0.2676374558458799,1.8882142726168505,2.881346006404595,-4.205744720238935,1.012278385485943,-0.14427334481452725,1.4318205994539257
India,2002,1032.75,1097600380.0,871073127580.09,3870.809,793.6159129063803,4.443724501929492e-09,0.26680469121571226,1.8277972885239357,1.9407058634473895,-0.3184744651563376,-0.31115399282796163,0.012549899350167149,3.151424593337193
India,2003,1068.398,1116803000.0,939542798342.002,4008.71,841.2788990914261,4.266660344876374e-09,0.26651915454098696,1.7495092339527174,6.00580021266135,-3.9845889855736005,-0.1070208598747846,-0.21194457816884338,3.4517550229968386
India,2004,1134.611,1135991509.0,1013982178697.24,4352.651,892.5966177245784,4.292630670878523e-09,0.26067125528786944,1.7181641704042683,6.099965028075127,0.6086804175386318,-2.1941759732763133,-0.035224063165538944,6.197409579576174
India,2005,1195.393,1154676321.0,1094324353140.52,4608.417,947.7325664674473,4.2111984319590875e-09,0.2593934099279644,1.6448020827592336,6.177028642952109,-1.8970241132524435,-0.4902133756535143,-0.07751490775692638,5.357078329048459
India,2006,1293.321,1172878888.0,1182534912713.8,4854.867,1008.2327551570696,4.10547455961242e-09,0.26639679315622855,1.5764216056873614,6.383677297819257,-2.5105412165886354,2.699907923724454,0.042651960733664396,8.192117571376102
India,2007,1393.485,1190676028.0,1273126725479.64,5268.96,1069.246961844133,4.138598220075039e-09,0.2644705976131912,1.517389406705738,6.051599333088342,0.8068168486165428,-0.723055078935475,0.091962520004774,7.744713029479922
India,2008,1490.366,1207930960.0,1312424303406.43,5576.529,1086.506056113033,4.249029056781394e-09,0.26725692630666853,1.449171025050644,1.614135450909604,2.6683149905851966,1.0535495131116734,0.16725405541682115,6.952425035073939
India,2009,1613.328,1225524764.0,1415605643155.69,5988.39,1155.1016223738177,4.230267114964722e-09,0.2694093070090625,1.4565239721978873,6.3134085516453275,-0.4415583317023408,0.8053601199933702,0.11672228711720933,8.250456599251454
India,2010,1678.53,1243481565.0,1535897931732.14,6247.89,1235.159390346201,4.067907034000506e-09,0.26865549809615724,1.465233631133711,6.930798677943062,-3.8380574217136587,-0.27980062057764155,-0.23671462559657908,4.041459641188894
India,2011,1765.695,1261224956.0,1616399198833.92,6587.01,1281.6105415170043,4.0751133783980524e-09,0.2680571306252761,1.4269122678951751,3.7607414503632253,0.17715115751943955,-0.22272667975213878,0.050858480709292664,5.192936676734994
India,2012,1926.986,1278674501.0,1704596203504.32,6937.768,1333.0962666192404,4.070036050612627e-09,0.2777530179735039,1.3835394643110677,4.017267604657326,-0.12459353431343301,3.6170973424996866,0.24139245496105488,9.134703332115702
India,2013,1995.337,1295829507.0,1813453530766.63,7163.062,1399.4538023485754,3.949956190480296e-09,0.2785592250911691,1.3416241574054855,4.977700214975411,-2.95033898076299,0.29026043480906427,-0.11220396935068822,3.547041857076283
India,2014,2148.052,1312277184.0,1947834564908.95,7652.732,1484.3164147468328,3.928840846069348e-09,0.280690869613623,1.2692778572451546,6.06398097999663,-0.5345716102329701,0.7652392491242166,0.08966787910621488,7.653594355239246
India,2015,2231.817,1328024494.0,2103588360044.94,7892.49,1583.9981638508393,3.75191750910401e-09,0.2827772984191301,1.1999987648950938,6.71566709858209,-4.503194298194679,0.7433190856471761,-0.2562109387067135,3.899579712222967
India,2016,2352.54,1343944296.0,2277267041550.36,8262.856,1694.4653497382453,3.6284088994563677e-09,0.284712694981009,1.1987581608566389,6.973946587087609,-3.2918796681416618,0.6844243058756083,-0.15606933193723638,5.4091800537409584
India,2017,2425.722,1359657398.0,2432016068497.75,8571.671,1788.6977058155571,3.5245124861755945e-09,0.282992896017591,1.1691780713506628,5.561185189881179,-2.8634152368091637,-0.6040471653477653,-0.15213547357667556,3.1107653854982376
India,2018,2595.227,1374659067.0,2588974770244.57,9063.36,1883.3577229404546,3.5007525388684348e-09,0.2863427029269498,1.1033418434722497,5.292119334481793,-0.6741342923412774,1.183707067032036,0.0827824583041652,6.987816410948966
India,2019,2611.175,1389030307.0,2689205295885.31,9281.595,1936.0306843796677,3.451426714874298e-09,0.2813282630840928,1.0454403091643139,2.796758194028892,-1.4090063049723822,-1.75120224528168,-0.06747723401320238,0.6145127189259414
India,2020,2422.732,1402617694.0,2533830417086.54,8792.22,1806.5011071267293,3.4699322972488065e-09,0.27555406939316807,0.9781922634464202,-6.690471297692346,0.5361719631698181,-2.0524755058821675,0.011793200528120273,-7.216789376430155
India,2021,2675.778,1414203896.0,2779348258938.77,9544.969,1965.3094343750627,3.4342472086044106e-09,0.28033385964899415,0.826041340385375,8.790934399200045,-1.0284087869002367,1.7346106578473908,0.12147743179152748,10.444655042324102
India,2022,2831.132,1425423209.0,2990839011962.46,10059.478,2098.2112491774783,3.3634301143475464e-09,0.2814392555955687,0.7933306527957651,6.7623862419749825,-2.0620849331822733,0.3943141038897702,-0.08200850264603599,5.8059375628322085
India,2023,3062.756,1438069597.0,3265719695911.24,10827.859,2270.905179223562,3.315611873718599e-09,0.2828588735778698,0.8872023354293601,8.23053113044654,-1.4217105455816337,0.5044136360071727,-0.01911544516993935,8.181321111131501
India,2024,3193.478,1450935785.0,3477820532826.48,11336.057,2396.950002047458,3.2595290334855222e-09,0.28170976910225487,0.8946846541252551,5.550422094989971,-1.691477843882172,-0.4062465713307706,-0.07926564422799931,4.268116689674284
Germany,1990,1054.796,79707963.0,2364190062225.0,4192.642,29660.650871544665,1.7733946466445243e-09,0.25158265361077814,,,,,,
Germany,1991,1016.93,80303190.0,2484959073005.6,4090.643,30944.711822850375,1.6461611156646931e-09,0.24859905887656292,0.7467597685315353,4.329173209538673,-7.1745751133608255,-1.1859302266646443,-0.3053161093700134,-3.5898884713252754
Germany,1992,969.464,80934901.0,2534996542114.29,4009.338,31321.426366040654,1.5815950567948506e-09,0.2418015143647156,0.7866574167227913,1.2173793872984229,-3.9222199003146607,-2.7343404044109954,-0.015054405346115018,-4.667577906050557
Germany,1993,959.386,81486771.0,2510330187123.32,3991.527,30806.597884745242,1.590040633090597e-09,0.24035563332028068,0.6818689998768335,-1.6436942407373922,0.5339910655045577,-0.5979619475228182,-0.013747377447148601,-1.0395435003259679
Germany,1994,943.228,81773613.0,2575519839599.45,3954.172,31495.73248768463,1.535290833020708e-09,0.2385399522327304,0.35201051223394675,2.2369708122837784,-3.4432956573864693,-0.7554144092519977,-0.07447344552844459,-1.6842021876491864
Germany,1995,939.934,82019890.0,2614281254585.26,3974.795,31873.747387191812,1.5204159816502138e-09,0.23647357914055944,0.301169278163127,1.2002099003571187,-0.9688621237467943,-0.8662587012488787,-0.01548462755375235,-0.3492262740291796
Germany,1996,959.69,82263195.0,2641414240990.66,4105.846,32109.307704261428,1.5544120025869571e-09,0.23373745630011455,0.2966414609919532,0.7390418020451373,2.2359684025318627,-1.1570522383046233,-0.012749722923377504,2.1018497043409523
Germany,1997,931.508,82389631.0,2690394576515.06,4053.187,32654.528778203414,1.5065399831612065e-09,0.22982112594360932,0.15369692363638165,1.6980156625103104,-3.079751014922605,-1.6755253601616782,-0.033009479513679274,-2.93657326845127
Germany,1998,923.499,82011933.0,2746774816494.42,4019.632,33492.37990152506,1.4634006311191057e-09,0.22974715098297555,-0.45842904673283336,2.5658037481187224,-2.863472096610442,-0.03218805944407155,-0.0715031891218798,-0.8597886437905045
Germany,1999,895.442,81678279.0,2805269313430.67,3963.56,34345.35286218102,1.4128982130249778e-09,0.225918618615588,-0.406835917402415,2.546767244262371,-3.451031591773146,-1.6664112486301175,-0.06060763980715311,-3.0381191533504603
Germany,2000,898.976,81797255.0,2885963533943.47,3988.179,35281.91177006454,1.3819228666934777e-09,0.22541014332606435,0.14566418570107764,2.7268868415522896,-2.192326810661238,-0.22507011269791155,-0.06048867609430575,0.39466542779991176
Germany,2001,915.255,81933882.0,2933181986968.52,4062.799,35799.37768563828,1.3851165792133317e-09,0.22527695807742396,0.16703127751658275,1.4666606473768162,0.23110642401449333,-0.05908573885592405,0.005125499085545382,1.8108381091375136
Germany,2002,898.834,82068328.0,2926486831428.63,4011.723,35659.15015873883,1.3708324113802992e-09,0.22405186001127195,0.16409084583590694,-0.3917038115322069,-1.0312610539356282,-0.5438186295692815,0.008547848025575178,-1.7941448011756345
Germany,2003,894.501,82111619.0,2910982263391.97,4010.471,35451.526822190295,1.377703688007659e-09,0.22304138341855606,0.05274994758026619,-0.5822442083568524,0.5012484801436123,-0.45100120689247625,-0.0028220040792281686,-0.4820689916046783
Germany,2004,876.57,82092706.0,2944810405337.25,4009.893,35871.766796641474,1.3616812113718313e-09,0.21860184299182048,-0.023033281075601764,1.1853931610870339,-1.1629842305930338,-1.9904559228833385,-0.01350105176554095,-2.004581325230481
Germany,2005,867.88,82046733.0,2970886268370.04,3962.635,36209.683917213864,1.3338225169333316e-09,0.21901588210874834,-0.056001321237963975,0.9420141541621296,-2.045904298733281,0.18940330569094943,-0.020875906642048303,-0.9913640667602142
Germany,2006,886.434,81701971.0,3085761005285.65,4062.387,37768.50139007846,1.3164943730384407e-09,0.2182052079233219,-0.4202019841545668,4.304973985491056,-1.2991341557744174,-0.3701440176945292,-0.07764066844457851,2.1378531594229644
Germany,2007,846.153,81298546.0,3174912263837.68,3893.423,39052.509793197045,1.2263088477581483e-09,0.21732881323195555,-0.49377633741540805,3.3996805694172627,-6.850429984911067,-0.4016378434351209,-0.197998743999106,-4.544162340343439
Germany,2008,856.643,81110780.0,3203102383827.36,3934.666,39490.46456990501,1.228392204965519e-09,0.2177168278069854,-0.23095862009635537,1.1214510386839516,0.1698884592718386,0.17853802690015463,0.0008096076962060827,1.2397285124557955
Germany,2009,789.984,80935276.0,3025504625850.04,3692.178,37381.779310297774,1.2203511336435826e-09,0.21396151539822839,-0.2163756778075565,-5.339732724274471,-0.654601298301305,-1.7248608876876736,0.15414938927523902,-7.781421198795768
Germany,2010,826.705,80830916.0,3150598283304.25,3847.151,38977.63924021658,1.2210858554665456e-09,0.2148875882438719,-0.12894253922108856,4.269084991037819,0.06020577215095635,0.43282215678830394,0.0151516105754812,4.648321991331472
Germany,2011,804.542,80857877.0,3268996785218.57,3710.585,40428.921788517524,1.1350837103230448e-09,0.2168234927915679,0.03335481191379941,3.723372109215717,-7.0430874912265296,0.9008917469439659,-0.29541492618921916,-2.6808837493422666
Germany,2012,814.093,80916391.0,3284148978797.69,3761.916,40586.94336475894,1.145476659033056e-09,0.2164038218822536,0.07236648075734653,0.39086270236941,0.9156107708614192,-0.19355416883618526,0.001849255653818549,1.187135040805809
Germany,2013,831.746,81041581.0,3297186905208.25,3868.517,40685.12564196212,1.173278043137098e-09,0.21500383738781553,0.15471525416896892,0.24190606402854087,2.4270581058814855,-0.6469315016071175,-0.0083224477411048,2.168425474730773
Germany,2014,792.584,81376078.0,3369071713224.27,3710.465,41401.254472159126,1.1013315583149192e-09,0.21360772841139855,0.41274737717666987,1.7601735742420743,-6.132091642131909,-0.6493414226364402,-0.09989646330721413,-4.7084085766568196
Germany,2015,800.823,82077546.0,3425099578746.09,3780.86,41730.04366804643,1.1038686359548566e-09,0.21180974698878033,0.862007628335193,0.7941527378316771,0.23036456376672731,-0.8417211474462172,-0.00529251301940592,1.0395112694679742
Germany,2016,797.988,82760102.0,3501212900675.89,3841.451,42305.56531546916,1.0971772094346015e-09,0.2077308808572594,0.831598936937028,1.379154194040333,-0.6061796034694811,-1.9257216391165288,-0.0328626997691317,-0.3540108113777807
Germany,2017,784.595,83104010.0,3599173571724.7,3949.556,43309.264760204715,1.0973508004804e-09,0.1986539752822849,0.4155480620359864,2.3724997816505944,0.015821605143262474,-4.369550419040314,-0.11266507008086357,-1.6783460402913342
Germany,2018,758.771,83368507.0,3640049243667.4,3845.414,43662.161824097435,1.0564181258508725e-09,0.19731841617053456,0.3182722470311594,0.8148304198804635,-3.73013576074378,-0.6723042465435314,-0.022042288604873228,-3.291379628980562
Germany,2019,708.649,83559184.0,3675639268112.03,3753.704,43988.45335914278,1.0212384094830035e-09,0.18878659585305607,0.22871586269381794,0.7473096187034622,-3.330093975766857,-4.3238844518723285,0.07227086297831953,-6.605682083263586
Germany,2020,647.177,83628711.0,3523764998709.97,3498.915,42135.828193142544,9.92947884232045e-10,0.1849650534522845,0.08320689201559706,-4.211616968831611,-2.77021751123524,-2.0242657501733374,0.24835911888610873,-8.674534219338481
Germany,2021,677.998,83697080.0,3661544208117.2,3598.492,43747.57408642213,9.82779886153656e-10,0.18841170134600826,0.08175302379107574,3.8251197671768766,-1.0240213247700414,1.863404913195077,0.016119292177552147,4.76237567157054
Germany,2022,667.843,84086227.0,3727790994177.62,3455.45,44332.95590938597,9.269430623650882e-10,0.19327236684078775,0.464946925269083,1.3380897916932089,-5.6815187790521975,2.5798108398018993,-0.19912080659705245,-1.4977920288850588
Germany,2023,593.766,84548233.0,3695372350062.48,3178.886,43707.268844547936,8.602342873367693e-10,0.18678430116713843,0.5494431329401861,-1.4113362215614544,-7.196642138742804,-3.3569546333511835,0.3235116562570237,-11.091978204458231
Germany,2024,572.319,84552234.0,3677048776153.86,3195.441,43488.48755615209,8.690232832163801e-10,0.1791048559494605,0.00473221007468716,-0.5005604197644509,1.0216979268311999,-4.111397569117015,-0.026501129138189583,-3.6120289811137685
Poland,1990,376.342,38055448.0,194797367584.792,1210.33,5118.77741091872,6.213276981133556e-09,0.31094164401444235,,,,,,
Poland,1991,373.366,38152947.0,181131204775.169,1184.164,4747.502329903087,6.537603509400028e-09,0.31529923220094513,0.2562024759240833,-7.253198395063565,5.21989490008703,1.4014167193058258,-0.41508579766477105,-0.7907700974113974
Poland,1992,364.283,38233636.0,185686615837.644,1132.397,4856.629796801016,6.098430922938015e-09,0.3216919507911095,0.211488250173697,2.2986290330089476,-6.717638746836718,2.027508454600424,-0.252720555330888,-2.432733564384537
Poland,1993,364.958,38294882.0,192628157713.225,1131.848,5030.127987160921,5.875818018698168e-09,0.32244435648603,0.16018879292567512,3.5723989189825778,-3.6503308318625582,0.23389012161172396,-0.13085150337722729,0.18529549828019132
Poland,1994,359.991,38344312.0,202823584825.574,1083.18,5289.535116070775,5.340503181282012e-09,0.33234642441699436,0.12907730072129198,5.157068161525391,-9.110473396430319,3.070938514438959,-0.6075891038114678,-1.3609785235561445
Poland,1995,362.483,38364668.0,218906804615.997,1108.723,5705.948103499736,5.0648174319884895e-09,0.3269373865248579,0.05308740446301474,7.872392909611414,-5.162168056743733,-1.6275300393633119,-0.443542689756959,0.6922395282104254
Poland,1996,377.119,38359164.0,232246717071.23,1163.95,6054.530204861348,5.011696245605129e-09,0.32399931268525284,-0.014346533638709413,6.109100451646388,-1.0488272696239087,-0.8986656040885777,-0.10955444839966244,4.037706595895529
Poland,1997,367.199,38348307.0,247015068311.447,1152.541,6441.355241874094,4.665873251695025e-09,0.3185995118611833,-0.02830353654214024,6.389018204949304,-6.900318314649734,-1.6666087280608366,-0.4242570531187151,-2.630469427422122
Poland,1998,338.98,38326431.0,258431144714.153,1104.199,6742.896167768739,4.272700959558643e-09,0.30699176507133225,-0.05704554310572707,4.681327369345856,-8.42655320723832,-3.6433661564769237,-0.23929624502428837,-7.684933782499403
Poland,1999,329.204,38287717.0,270575301764.16,1082.722,7066.895677382906,4.0015551786900594e-09,0.30405219437676523,-0.10101123164846237,4.805049663420524,-6.346004165397812,-0.957540569169335,-0.284439652718516,-2.8839459555136004
Poland,2000,317.306,38258077.0,283174187558.032,1017.525,7401.683768842641,3.593283020513565e-09,0.3118409867079433,-0.0774138609518027,4.737413805770485,-10.202837145685583,2.5616629234145982,-0.6329980898336482,-3.6141723672859505
Poland,2001,313.267,38247359.0,286667833930.23,1010.456,7495.101398510417,3.5248321590413513e-09,0.3100253746823216,-0.02801499929021567,1.2621132243046729,-1.9049671590419481,-0.5822236662309299,-0.019811158258586925,-1.2729037585170078
Poland,2002,305.852,38229407.0,292117946677.278,999.579,7641.184355207969,3.421833582529939e-09,0.3059808179243461,-0.046936574104372575,1.9490457691017316,-2.9220845664159167,-1.3045889427986013,-0.04242614440121972,-2.3669904586183788
Poland,2003,318.733,38203527.0,302410346199.761,1034.207,7915.770347584949,3.4198796866455142e-09,0.3081907200396052,-0.06769657714020827,3.593500426276619,-0.057100844833612996,0.7222355081766718,0.02057555314705084,4.21151406562652
Poland,2004,323.621,38167568.0,317805438387.054,1041.219,8326.583406808995,3.2762781067701664e-09,0.3108097335911081,-0.09412481732380407,5.189805176060758,-4.19902432346102,0.8498028594651874,-0.21288690815675082,1.53357198658437
Poland,2005,322.577,38124377.0,328168510412.522,1061.937,8607.839294331865,3.2359503313255112e-09,0.303762840921825,-0.11316151974891664,3.377806643873593,-1.2309020824978534,-2.2672689776677912,-0.0890736480404053,-0.32259958408137335
Poland,2006,336.387,38071169.0,348521872927.444,1110.359,9154.483092637474,3.185909081325168e-09,0.30295336913556786,-0.13956424783020394,6.350534432788102,-1.5464158864220034,-0.26648150372857726,-0.11692441783065366,4.281148376976662
Poland,2007,335.735,38020420.0,372083512402.176,1104.644,9786.412469987865,2.968806633941945e-09,0.3039304970651178,-0.13330034599147167,6.902949854794338,-6.8144583489783805,0.32253410230691504,-0.4715496370329193,-0.19382437490151894
Poland,2008,329.428,37995902.0,388394800371.402,1124.428,10222.01816320618,2.8950645037594928e-09,0.2929738498151949,-0.0644863996768108,4.451127464269389,-2.483898053156064,-3.604984480243001,-0.17632347080362942,-1.8785649396101167
Poland,2009,315.886,38002153.0,398551823849.317,1085.191,10487.611684772624,2.7228353630876494e-09,0.29108792830017943,0.0164517741939596,2.5982493606051316,-5.949060563182229,-0.643716671711525,-0.1326855837937675,-4.11076168388843
Poland,2010,334.028,38095356.0,411181642127.603,1157.25,10793.484700014433,2.8144495800249462e-09,0.2886394469647872,0.24525715687739869,2.916517358150439,3.3646623728806,-0.8411483601158731,0.05792263066334247,5.743211158455908
Poland,2011,333.406,38208644.0,432791139408.41,1162.666,11327.047864049035,2.6864366992107765e-09,0.28675991213297714,0.29738007960864454,4.9433818536277485,-4.548416206235073,-0.6511704659825535,-0.22738719534762808,-0.18621193432886152
Poland,2012,325.778,38247867.0,439333996551.267,1127.927,11486.496660095243,2.5673565188538266e-09,0.28882897563406146,0.1026547814677814,1.4076818422590343,-4.432644193400625,0.7215316414676654,-0.08712530932406581,-2.28790123753021
Poland,2013,321.757,38259267.0,442340098156.254,1131.318,11561.645918523584,2.557575053031635e-09,0.28440898138277654,0.02980558366822983,0.6542400233259471,-0.38099366996207085,-1.5303153852835538,-0.0070126538794568205,-1.2342761021309046
Poland,2014,309.415,38265113.0,459682079851.439,1089.354,12013.085649360006,2.3697987103435915e-09,0.2840353089996457,0.015279958186331655,3.9046320395709877,-7.3419680280921495,-0.1313855776684969,-0.2823723758416219,-3.835813983844949
Poland,2015,312.549,38266314.0,480054118583.367,1103.013,12545.083871505549,2.297684692832083e-09,0.2833593076418864,0.0031386291737822702,4.428489379611511,-3.043044001870221,-0.23799905727922566,-0.13770580673715394,1.0128791428986927
Poland,2016,323.3,38263260.0,494605411858.337,1150.245,12926.37929591825,2.3255811044975966e-09,0.28107055453403407,-0.00798090978921806,3.0394011576021507,1.2141096536239182,-0.8077211674814233,0.0019719084398461817,3.4397806423952737
Poland,2017,336.505,38254964.0,520089746650.75,1208.289,13595.353184772308,2.323231726410843e-09,0.2784971145148222,-0.021681372679693833,5.175261173601009,-0.10102327036497494,-0.9155850649237185,-0.052529770612531834,4.084441695020091
Poland,2018,335.719,38241070.0,552573816155.989,1222.083,14449.747775258093,2.2116194511377494e-09,0.27471047383851993,-0.03631946954648635,6.284460424630689,-4.804181778522942,-1.3596696263439068,-0.3178670602097764,-0.233577509992422
Poland,2019,317.444,38225884.0,577884228677.544,1187.268,15117.615819624838,2.054508396460303e-09,0.26737349949632266,-0.03971123192944015,4.622004859561057,-7.103891883236136,-2.6708025506555932,-0.25113977380832875,-5.44354058006844
Poland,2020,302.102,38171005.0,566120997479.772,1139.234,14831.178730551423,2.012350725501408e-09,0.2651799366943051,-0.1435650252064824,-1.8947239597237209,-2.051959049256169,-0.8204114492086023,0.07768106830442534,-4.832978415090549
Poland,2021,330.694,38040303.0,605337233054.782,1224.758,15913.049721364785,2.0232655999357e-09,0.2700076259963193,-0.3424117337230137,7.294571864236032,0.5423942405254456,1.8205333941154977,0.149265334130412,9.464353099284374
Poland,2022,314.892,38385734.0,637150470884.733,1186.868,16598.626742026947,1.8627750495921964e-09,0.26531341311754975,0.9080658479508008,4.308269204624615,-7.932253202377582,-1.7385482582012446,-0.32396924550104345,-4.778435653504454
Poland,2023,283.243,38762847.0,638740867489.057,1132.88,16478.172191249447,1.7736143993000553e-09,0.25002030223854244,0.9824300871777103,-0.7256898576586179,-4.786442158523673,-5.764168007680615,0.2431223787923269,-10.050747557892869
Poland,2024,272.862,38539209.0,658084600079.586,1125.569,17075.71631995836,1.7103712803245634e-09,0.24242138864876345,-0.5769390468145952,3.626276760393554,-3.5657761349056627,-3.0393186160253993,-0.10929382003889154,-3.6650508573909946
Czechia,1990,164.252,10301989.0,122972963913.465,546.744,11936.817629436897,4.446050437433866e-09,0.30041847738612587,,,,,,
Czechia,1991,148.886,10304420.0,108689725030.78,497.639,10547.874119143047,4.5785284658607145e-09,0.29918475039134795,0.023597384932161347,-11.635794006508338,2.979678937320185,-0.41066947862604675,-0.31195006527957503,-9.355137228161613
Czechia,1992,145.708,10312449.0,108139165550.882,482.979,10486.273973416208,4.466272673176372e-09,0.30168599462916607,0.07791801964593947,-0.5840053173846949,-2.4517875889899066,0.8360199624300346,-0.012664103682513694,-2.134519027981141
Czechia,1993,140.126,10320404.0,108206108282.012,478.929,10484.677565142993,4.4260810004532466e-09,0.2925819902323727,0.07713977543064576,-0.015223789472429416,-0.8998929457332272,-3.0177086636003936,0.02473605300178372,-3.8309495703736207
Czechia,1994,132.67,10322332.0,111354158852.668,466.515,10787.693987431134,4.189470827194188e-09,0.284385282359624,0.018681439214973672,2.890088134856339,-5.345816609204146,-2.8015080033595874,-0.08237041431434822,-5.320925452806769
Czechia,1995,131.624,10312041.0,118281953160.126,486.214,11470.27568646459,4.11063553661293e-09,0.27071207328460306,-0.09969646393857001,6.327410657261323,-1.8817481689938464,-4.80798758697023,-0.32640083880587367,-0.7884224014471974
Czechia,1996,135.019,10296140.0,123212636052.806,502.922,11966.876523901772,4.081740445715808e-09,0.2684690667737741,-0.15419837838115402,4.32945860249192,-0.7029348780682843,-0.8285579891632255,-0.06445051496593024,2.579316841913326
Czechia,1997,130.942,10280049.0,122478487836.036,482.32,11914.193000056322,3.937997672258086e-09,0.2714836622988887,-0.15628186873916095,-0.44024456791397215,-3.521604946943524,1.1228837501993771,-0.024327389377288178,-3.0195750227745677
Czechia,1998,125.717,10265430.0,121996963423.806,468.271,11884.252624956383,3.838382422464652e-09,0.2684706078317897,-0.142207493368951,-0.25130006790889947,-2.529591383336538,-1.109847436705702,0.042630058062454346,-3.9903163232576366
Czechia,1999,116.669,10251385.0,123678521512.351,448.987,12064.56703287907,3.6302746387145523e-09,0.2598493943031758,-0.13681842845355563,1.517254922232425,-5.421757418753293,-3.2112317986092376,0.05543538861703112,-7.197117334966629
Czechia,2000,127.233,10236809.0,128638858401.092,474.504,12566.304441266024,3.6886521374475445e-09,0.2681389408729958,-0.1421856656442011,4.158768458242967,1.608073893650741,3.1901350365082237,0.23988432657843006,9.054676049336162
Czechia,2001,127.165,10231942.0,132391536300.246,485.272,12939.042881619736,3.6654306881028185e-09,0.26204891277469133,-0.047544112623376655,2.966173882670642,-0.629537524262036,-2.2712210611695482,-0.07131643859853432,-0.05344525398285338
Czechia,2002,123.988,10239474.0,134395228572.192,486.757,13125.208245286038,3.6218324502386086e-09,0.2547225823152004,0.07361261430136601,1.4387877478229338,-1.1894437945783598,-2.795787390192339,-0.025498120065825525,-2.4983289427122246
Czechia,2003,127.592,10248907.0,138831395778.178,514.55,13545.97088042442,3.7062942219650195e-09,0.24796812749003985,0.09212387276924527,3.20575968986625,2.3320176426396166,-2.651690621133229,-0.07147767450547127,2.9067329096364114
Czechia,2004,128.314,10261453.0,145406922288.089,527.825,14170.20789239974,3.6299853658565254e-09,0.24309951214891296,0.12241305341145203,4.6082855004318635,-2.0588990387286676,-1.9634036803066413,-0.14252963630027038,0.5658661985077362
Czechia,2005,125.713,10280155.0,154676655549.654,519.632,15046.140408355126,3.3594726893560787e-09,0.2419269790928965,0.18225489119327865,6.181507869233149,-7.452169891506355,-0.4823263714730075,-0.4563251192654221,-2.027058621818356
Czechia,2006,126.533,10304592.0,164921158024.599,529.455,16004.627648003821,3.2103521848969104e-09,0.23898726048483818,0.2377104236268801,6.3703196543111185,-4.438806867864454,-1.2151264067698397,-0.3018174049916773,0.6522793983120279
Czechia,2007,128.364,10337539.0,173973393346.007,523.705,16829.28532081059,3.010259154734249e-09,0.24510745553317229,0.31973124214912385,5.152620173013678,-6.232743905917804,2.5608875702905376,-0.35344174167110065,1.4470533378644346
Czechia,2008,122.928,10378298.0,178518044754.249,513.619,17201.090656121938,2.8771265151769772e-09,0.2393369404169238,0.39428146292845856,2.2092758440049876,-4.4226305016926375,-2.354279719356611,-0.06147928182699225,-4.234832195942795
Czechia,2009,114.972,10420985.0,169952170270.619,492.811,16308.647433099557,2.8997040709470494e-09,0.23329836387580635,0.4113102167619287,-5.18829439867382,0.7847258593243867,-2.5230440944879917,0.04322119880137887,-6.472081218274117
Czechia,2010,117.464,10464035.0,174565802522.079,513.649,16682.455909415345,2.942437708754748e-09,0.2286853473870289,0.41310874164006695,2.2920875434287558,1.4737241029475712,-1.9773034033076842,-0.03413272767220921,2.1674842570365005
Czechia,2011,115.178,10495508.0,177659773382.538,501.976,16927.220043330726,2.8254904891674186e-09,0.2294492166956189,0.3007730765426597,1.4671948497537501,-3.9745011165188693,0.33402634550836474,-0.07362133072689181,-1.9461281754409865
Czechia,2012,111.276,10507339.0,176290606021.546,499.438,16777.85460443848,2.833038079969839e-09,0.22280242993124272,0.11272441505452147,-0.8823979277749028,0.2671249764016892,-2.8968443911463138,0.011593174039870036,-3.387799753425136
Czechia,2013,106.71,10511164.0,176216894659.909,490.221,16764.736489689345,2.7819182771669275e-09,0.2176773332843758,0.03640312737602791,-0.07818708087781179,-1.8044163671621316,-2.3002875904219455,0.043177224145274806,-4.103310686940587
Czechia,2014,104.233,10517223.0,180173337874.854,479.937,17131.265342082603,2.6637515054161777e-09,0.21718058828554582,0.05764347316814522,2.1863084613270356,-4.247672288601134,-0.22820244594830008,-0.08932169436988202,-2.321244494424135
Czechia,2015,104.99,10524418.0,189107698561.919,470.716,17968.470899000687,2.4891424494062823e-09,0.22304319377289064,0.06841159496189242,4.887003617073793,-6.555005437063654,2.6994150506843395,-0.37356730644461145,0.7262575192117593
Czechia,2016,106.636,10531946.0,193988322685.058,464.374,18419.03886376345,2.393824502281593e-09,0.22963387269743782,0.07152889594463918,2.5075476221397386,-3.829348824428469,2.9548890567169694,-0.1368483914815588,1.5677683588913194
Czechia,2017,107.736,10541343.0,204024435232.921,490.582,19354.690880746504,2.4045257100696563e-09,0.2196085465834458,0.0892237768784554,5.079809125240531,0.4470339315962413,-4.365787153361833,-0.21873311071461998,1.031546569638775
Czechia,2018,106.322,10548934.0,209798950825.42,489.024,19888.1660294225,2.3309172809302154e-09,0.21741673210312787,0.07201169718127343,2.7563093203760936,-3.0612452522833955,-0.9980551824676387,-0.0814880959867037,-1.312467513180371
Czechia,2019,100.997,10554872.0,217279912681.73,477.905,20585.745869938546,2.1994900223474942e-09,0.21133279626704055,0.05629004788541003,3.5075121531268794,-5.6384351198542575,-2.7982831759247984,-0.13545470337472576,-5.008370798141493
Czechia,2020,91.661,10550129.0,205753475017.539,442.568,19502.460587689402,2.1509624562223033e-09,0.20711167549393542,-0.0449365942097657,-5.262307662269694,-2.2063099005740328,-1.9973808361345435,0.26709606727935054,-9.243838925908687
Czechia,2021,96.629,10530683.0,214043320221.167,466.406,20325.682600185286,2.179026187400155e-09,0.2071778664939988,-0.18432002111063994,4.221118708556859,1.3047057653967409,0.03195908676105752,0.04650787681081958,5.419971416414837
Czechia,2022,95.04,10673216.0,220137498830.73,448.738,20625.22662623243,2.0384441650490788e-09,0.21179396440684767,1.3535019523424952,1.4737218520002537,-6.451598570222227,2.228084491343374,-0.2481435910736023,-1.6444338656097068
Czechia,2023,83.232,10809722.0,220242240981.103,411.242,20374.45930442087,1.867225824474266e-09,0.2023917790498052,1.2789584694997247,-1.2158282008529198,-8.399461879334357,-4.4393075049963375,0.35139669144146346,-12.424242424242426
Czechia,2024,75.623,10735857.0,222958017484.654,392.823,20767.603134491637,1.7618698104320811e-09,0.19251164010253985,-0.6833200705809062,1.929591476253134,-5.642382011926628,-4.881689856006465,0.13588389171108517,-9.14191657054978
United Kingdom,1990,601.945,57367867.0,1721504098259.6,2508.393,30008.159415437218,1.4570938300617036e-09,0.23997236477697076,,,,,,
United Kingdom,1991,609.413,57555199.0,1699254695038.56,2561.217,29523.91312274952,1.5072590397885469e-09,0.23793883923150597,0.326545172055992,-1.613715409811456,3.4428263089082645,-0.8473998859638399,-0.06761127577034065,1.24064490941862
United Kingdom,1992,593.846,57719273.0,1721255429795.6,2545.327,29821.155748021985,1.4787619291938902e-09,0.23330833327112782,0.28507242238879904,1.0067860044047805,-1.890657799514972,-1.9460908422238798,-0.009535109096059369,-2.5544253240413317
United Kingdom,1993,579.613,57861037.0,1781335634495.42,2574.725,30786.44502163727,1.445390161259147e-09,0.22511646874908975,0.24560946912828285,3.2369277762794635,-2.2567370227697947,-3.511175279160861,-0.11137426905980519,-2.3967493255827144
United Kingdom,1994,574.017,58003200.0,1869572508478.99,2543.823,32232.230436923997,1.3606442052731902e-09,0.22565131300408875,0.245697290216218,4.696175262426694,-5.8631889338537135,0.23758557424562454,-0.281740981969858,-0.965471788935035
United Kingdom,1995,566.159,58154632.0,1935631814547.44,2552.545,33284.22428238287,1.318714117434982e-09,0.22180177038994414,0.2610752510206371,3.2637947520186117,-3.081634984054449,-1.7059695168159084,-0.1062145054214203,-1.3689490032525287
United Kingdom,1996,586.761,58298563.0,1986246961912.3,2676.295,34070.25593259134,1.347413011231666e-09,0.2192437679702723,0.2474970523414166,2.3615741906429566,2.176278650334451,-1.1532831388922915,0.006840337044233813,3.6389070914707666
United Kingdom,1997,562.708,58447091.0,2083175521750.84,2629.999,35642.073644877215,1.262495153451867e-09,0.2139574958013292,0.25477128827342543,4.613460243432721,-6.302288687428947,-2.411139079519875,-0.2540878003356899,-4.099284035578366
United Kingdom,1998,568.544,58626822.0,2150801957623.71,2651.618,36686.313265005396,1.2328508399395411e-09,0.21441399175899395,0.3075105996293237,2.9297947996307583,-2.3480734505216483,0.2133582448023308,-0.06546258917047298,1.0371276043702915
United Kingdom,1999,561.65,58838663.0,2214131432953.5,2639.219,37630.55311018029,1.1919884071558762e-09,0.2128091681667948,0.36133802374620494,2.5738204827346234,-3.3144668811410094,-0.7484696213309716,-0.08479306271318432,-1.212571058704337
United Kingdom,2000,569.034,59057333.0,2314307169243.88,2664.116,39187.46498836783,1.151150562641349e-09,0.21359205079658694,0.3716433869342062,4.137361132133721,-3.4260269872898985,0.36788012308686113,-0.13615988935254952,1.3146977655123404
United Kingdom,2001,577.971,59288095.0,2369642769659.08,2691.806,39968.2730514293,1.1359543448767468e-09,0.21471495345504096,0.3907423316931613,1.9924944450814719,-1.3200895050369366,0.5257230567645932,-0.018313911838252483,1.5705564166640373
United Kingdom,2002,560.273,59540764.0,2410140612988.09,2630.84,40478.832501848476,1.09157116635543e-09,0.2129635401620775,0.4261715610865968,1.277411835538178,-3.907126965224328,-0.8156922770309993,-0.04285550497353796,-3.0620913506040903
United Kingdom,2003,571.619,59820385.0,2487711377293.16,2668.734,41586.34848794705,1.0727667302401484e-09,0.21419107337036963,0.4696295129837491,2.7360373747143063,-1.7226944696667301,0.5764053355602261,-0.03429355356763253,2.025084200023919
United Kingdom,2004,573.43,60169964.0,2545576004983.01,2690.652,42306.42393242931,1.056991421482997e-09,0.21311934802419635,0.5843810600683952,1.7315188052419606,-1.470525540405232,-0.5003594824514956,-0.028195422525334468,0.31681941992829366
United Kingdom,2005,570.338,60596107.0,2616614241852.83,2712.682,43181.22683777078,1.0367145284966209e-09,0.2102487501299452,0.7082321006540715,2.067777949605687,-1.9183592765518176,-1.3469438231977104,-0.04991836253959159,-0.5392114120293612
United Kingdom,2006,567.846,61051093.0,2673913418491.85,2678.337,43797.96146306259,1.001654347323873e-09,0.21201439549989415,0.750850215509713,1.4282471121277895,-3.3818549088523,0.8397887591996112,-0.07396506631067723,-0.43693388832586333
United Kingdom,2007,559.566,61535859.0,2752283449984.53,2604.192,44726.49760174031,9.461932418387495e-10,0.2148712537324437,0.7940332861853916,2.1200441930632197,-5.536950509254945,1.34748313944133,-0.182751929576364,-1.4581418201413676
United Kingdom,2008,544.932,62027303.0,2750923500693.34,2558.816,44350.20334018617,9.301661785051741e-10,0.21296255768292838,0.7986302750726315,-0.8413228885140733,-1.6938467349893238,-0.888297534621374,0.009595785487237496,-2.615241097564902
United Kingdom,2009,494.108,62506222.0,2624727410659.64,2422.812,41991.45823690384,9.230718550659341e-10,0.20393988472898436,0.7721099851786262,-5.318453864099981,-0.762694194132163,-4.236741449817449,0.21911124132391002,-9.326668281547057
United Kingdom,2010,511.905,63006482.0,2684060544650.54,2475.146,42599.75258816291,9.221647421229314e-10,0.20681810285130653,0.8003363249181827,1.448614496375078,-0.0982711083676091,1.411307124227834,0.039857294089074013,3.6018441312425598
United Kingdom,2011,469.713,63509285.0,2706913649065.85,2332.188,42622.329145507625,8.615671950986812e-10,0.20140443223273596,0.7980178928256976,0.052996921280201725,-6.571227922328449,-2.6175999798541683,0.09565878210198164,-8.242154305974736
United Kingdom,2012,487.477,63960488.0,2748282336997.97,2375.146,42968.439155717046,8.64229256224978e-10,0.20524085677259415,0.7104520228813804,0.8120391755876089,0.308978932977122,1.9048362031203636,0.04557749662406074,3.7818838311905356
United Kingdom,2013,477.611,64389386.0,2795510733841.06,2388.473,43415.707269534454,8.543959324091788e-10,0.19996499855765587,0.6705671163734772,1.040922413300871,-1.1378142714992046,-2.5705691829107424,-0.02699643316845801,-2.023890357904057
United Kingdom,2014,438.807,64865914.0,2883853723651.98,2255.708,44458.6924906659,7.821853034707583e-10,0.19453182770110317,0.7400722845843033,2.4023223085054335,-8.451658791820904,-2.71706093353441,-0.09827836304754456,-8.12460349531312
United Kingdom,2015,422.461,65382107.0,2945579890258.46,2279.467,45051.77372546987,7.738601854047789e-10,0.18533323798940718,0.795784670512778,1.3340051215597448,-1.0643408958259215,-4.7285782590957615,-0.0619707381063872,-3.7251001009555473
United Kingdom,2016,399.43,65893359.0,3010574705731.3,2246.922,45688.59064737161,7.463432133813133e-10,0.1777676305630547,0.7819448216925817,1.4135224192998175,-3.555806661518901,-4.082164380457698,-0.009123686523526686,-5.451627487507727
United Kingdom,2017,387.367,66354473.0,3101591068534.48,2251.043,46742.75792280771,7.257704030801298e-10,0.17208334092240796,0.699788274566493,2.3072877943910663,-2.756481191538973,-3.197595435480871,-0.07305301828400834,-3.0200535763462932
United Kingdom,2018,379.73,66752473.0,3149707010747.53,2246.424,47184.87374613866,7.132168142416679e-10,0.16903754589516495,0.5998088478526453,0.945848818037387,-1.7296914816566145,-1.7699534486701696,-0.01752812019849559,-1.9715153846352473
United Kingdom,2019,364.753,67110958.0,3189276748351.15,2192.985,47522.44407464948,6.876120114486048e-10,0.16632717506047692,0.537036283284964,0.7154206458768853,-3.590044749616228,-1.6034135022103158,-0.0031168665750369584,-3.9441181892397315
United Kingdom,2020,326.263,67351860.0,2868821517197.41,1982.843,42594.54033188408,6.911698717099228e-10,0.16454303240347318,0.3589607527283434,-10.369634472133882,0.5174226456315933,-1.0726705701308403,0.013575261558374407,-10.55234638234641
United Kingdom,2021,342.366,67668788.0,3113908148054.35,1990.967,46016.9043969629,6.393788465610353e-10,0.17195965578535455,0.470555675819484,8.034748205785913,-7.493241136330031,4.507406526759028,-0.5838804985602399,4.935588773474153
United Kingdom,2022,311.118,68179315.0,3274265196937.19,2009.944,48024.31935459002,6.138610891628875e-10,0.15478938716700566,0.7544497472010248,4.362342456394375,-3.9910230898938415,-9.985056401707016,-0.2677872462648825,-9.12707453427034
United Kingdom,2023,307.826,68682965.0,3283159739927.95,1929.626,47801.65998844037,5.87734424412242e-10,0.15952625016453967,0.7387137873121841,-0.46363877539967735,-4.2561200264825345,3.0601988186847118,-0.13727323147021453,-1.0581194273555306
United Kingdom,2024,312.906,69138185.0,3320141995547.62,1936.96,48021.82752624501,5.83396735018413e-10,0.16154489509334213,0.6627844327920407,0.4605855484054011,-0.7380356184116366,1.2653998490658402,-0.0004512597943095997,1.6502829520573359
Russia,1990,2536.284,148979537.0,1161488648465.81,10076.104,7796.296537462122,8.67516356127057e-09,0.2517127651719355,,,,,,
Russia,1991,2407.642,149448433.0,1102869019642.57,9938.643,7379.595740843733,9.011625880307187e-09,0.2422505768644673,0.3147385268085445,-5.344855658274305,3.8784550476802515,-3.7591213544553304,-0.16128262376169467,-5.072066062002534
Russia,1992,1963.458,148915993.0,942610308779.562,9566.62,6329.812465337836,1.0149072114844908e-08,0.20524051336835789,-0.3562700453339618,-14.225484868983784,12.621986860587997,-15.277595609943805,-1.2115585598131524,-18.448922223486708
Russia,1993,1866.525,148135419.0,860899753889.459,8919.131,5811.572679248701,1.0360243407788489e-08,0.20927206921840258,-0.5241706980391281,-8.187284993465848,2.0806955606779365,1.9643080130135049,-0.2703990906156699,-4.936851208429205
Russia,1994,1646.876,148200734.0,752686755591.282,8138.424,5078.8328456678355,1.081249794757816e-08,0.20235809783319228,0.044091413411395664,-12.608288221142782,4.365288748425344,-3.303819478171577,-0.2650762690612716,-11.76780380653889
Russia,1995,1618.286,148291406.0,721498966070.726,7702.033,4865.41321262222,1.067504371065862e-08,0.2101115380835164,0.061181883215244426,-4.202139340491562,-1.271253299523889,3.831544343095894,-0.15534771243511658,-1.736014126139429
Russia,1996,1586.633,148084580.0,694406178897.725,7413.202,4689.253796024711,1.067559913099772e-08,0.21402802729508788,-0.13947268124222534,-3.6206465699666235,0.0052029795301500315,1.864004826814769,-0.0650468962451245,-1.9559583411090542
Russia,1997,1481.964,147853769.0,704127280749.068,7011.005,4762.322161358416,9.957013727037418e-09,0.2113768282863869,-0.1558643040348917,1.5582088006336647,-6.731101413070251,-1.2387158084887995,-0.02945296611006576,-6.596925691070343
Russia,1998,1465.859,147635543.0,666808805066.777,6997.947,4516.587208723695,1.0494682953832916e-08,0.2094698630898462,-0.1475958316625614,-5.159981712884109,5.399904444597725,-0.9021637858796061,-0.2768966650539273,-1.0867335508824794
Russia,1999,1494.088,147241973.0,709483999746.068,7086.538,4818.490171590325,9.988298541667393e-09,0.2108346840163702,-0.26658214682083736,6.684316031438753,-4.825152073608663,0.6515595639352778,-0.3183763457022861,1.9257650292422435
Russia,2000,1480.576,146717784.0,780432873752.842,7214.09,5319.279316220057,9.243703389004926e-09,0.20523392416784375,-0.3560051453534885,10.39307182947824,-7.454674583026311,-2.656469866263367,-0.8302866363964263,-0.9043644015613528
Russia,2001,1518.081,146117290.0,820235350096.64,7328.268,5613.540670625906,8.93434792725842e-09,0.20715413246349615,-0.4092850802599357,5.5319778660345875,-3.3466614919132387,0.9356193443351035,-0.17851488562454731,2.533135752571969
Russia,2002,1508.33,145939502.0,858786345187.109,7298.46,5884.536629343226,8.49857480955853e-09,0.2066641455868772,-0.12167485449531279,4.827540666719776,-4.877503330381394,-0.23653251363705552,-0.23415406026697738,-0.6423240920609641
Russia,2003,1539.006,145794230.0,921477339133.556,7448.467,6320.396487114449,8.08317978497835e-09,0.2066205032525485,-0.09954261732372238,7.406867952827567,-4.887819827307693,-0.021117516153945637,-0.36461554171632926,2.033772450325877
Russia,2004,1545.353,145180091.0,987823227180.876,7514.088,6804.123212602725,7.606713218765131e-09,0.2056607535072786,-0.4212368349556739,7.653423744451193,-5.894543717791323,-0.46449879376045944,-0.4607353495059807,0.4124090484377563
Russia,2005,1563.98,144597886.0,1051043572407.72,7503.903,7268.734014601845,7.139478511637853e-09,0.2084222037518342,-0.4010226167994291,6.82837137838066,-6.142399400238318,1.3427210575973403,-0.42231474939420366,1.2053556695460488
Russia,2006,1623.428,144102948.0,1137229862730.35,7836.937,7891.78763178634,6.891251502299166e-09,0.20715082946309255,-0.34228577864547916,8.57169372180726,-3.4768226969807303,-0.609999446246845,-0.34151417497736425,3.801071624956842
Russia,2007,1624.315,143859767.0,1233894148246.74,7878.335,8577.062051315153,6.384935864388735e-09,0.20617490878466072,-0.16875504864758417,8.683386470876165,-7.347223327163532,-0.4711159887514249,-0.6416546354803048,0.0546374708333186
Russia,2008,1652.731,143811837.0,1298056264706.47,7914.626,9026.073873922283,6.097290398879388e-09,0.20881984821519045,-0.03331716782218885,5.23503059580035,-4.505064289113026,1.2828619380121697,-0.23009670835889562,1.7494143685184094
Russia,2009,1545.236,143869128.0,1196807955075.78,7522.19,8318.726690800406,6.285210562060231e-09,0.20542368645301437,0.0398374717930805,-7.8367094375940365,3.0820274398506653,-1.626359654603482,-0.1628790610626707,-6.504083241616443
Russia,2010,1633.147,143934468.0,1250664313044.7,7814.236,8689.12311569943,6.248068261399821e-09,0.2089963753334299,0.04541627582534957,4.45256153575333,-0.5909475950513721,1.739180589202749,0.042952532426687284,5.689163338156744
Russia,2011,1684.989,144043751.0,1304443243520.47,8080.549,9055.882219565845,6.194634408310457e-09,0.2085240742924769,0.07592552466306746,4.220898921362459,-0.8552059749326824,-0.22598527854824635,-0.04127105612944382,3.174362136415154
Russia,2012,1700.104,144291025.0,1356935163515.02,8128.363,9404.15499519128,5.990236835593676e-09,0.2091569975405872,0.1716658989253883,3.845818299988135,-3.2995905689377047,0.3035252645325448,-0.12438039752115104,0.8970384969872125
Russia,2013,1637.547,144604105.0,1380755103919.45,8032.525,9548.519413881439,5.817487096153873e-09,0.2038645382367313,0.21697815231405126,1.535113136310251,-2.8838549156075532,-2.5303763995889628,-0.017458397994751795,-3.6795984245669655
Russia,2014,1637.311,144925639.0,1390921151162.46,8057.762,9597.481582692624,5.793111991478266e-09,0.20319674371121907,0.22235468349947052,0.5127723648967519,-0.41899714211179884,-0.32756777185877217,-0.0029739345144497165,-0.014411800088798277
Russia,2015,1635.244,145307612.0,1363482182197.71,7930.555,9383.41882734753,5.8163979724452614e-09,0.2061954049874189,0.26356482030069905,-2.2304054819039076,0.4019597929618701,1.4757427808299362,-0.037105490836764066,-0.12624357864816638
Russia,2016,1629.328,145778668.0,1366123111808.03,8086.063,9371.214118982278,5.9189855805149925e-09,0.2014983064069622,0.32417847455918913,-0.1300667548770451,1.763765281463403,-2.277984119356724,-0.04167375363424153,-0.3617808718454185
Russia,2017,1661.012,146186798.0,1391065651845.68,8135.743,9515.672214434027,5.848568677693547e-09,0.20416229962032967,0.27996551594229313,1.5415088548573097,-1.1896785667675047,1.3220921112791162,-0.00928253198753115,1.9446053833236832
Russia,2018,1709.91,146430146.0,1430116278515.49,8432.209,9766.542734414059,5.896170211245287e-09,0.2027831615653739,0.1664637322448259,2.636393040099616,0.8139005656767395,-0.675510639094723,0.002621256271950756,2.9438679551984093
Russia,2019,1704.459,146533063.0,1461551317106.21,8370.03,9974.208463152168,5.726812259026384e-09,0.20363833821384153,0.07028402471169759,2.1262972413601755,-2.8723382492571337,0.42171975319160726,-0.06475147818396643,-0.31878870817761973
Russia,2020,1631.902,146371295.0,1422766794794.99,8075.713,9720.258297878625,5.676062324158787e-09,0.2020752842504433,-0.11039692796157574,-2.546068354313169,-0.8861812221555909,-0.7675636999929014,0.05331696146462228,-4.256893242958615
Russia,2021,1674.524,145836172.0,1506233291759.56,8331.266,10328.255816804902,5.531192309703588e-09,0.2009927422795047,-0.36559285753398063,6.2549522892716425,-2.552297811082782,-0.5357122099093226,-0.18955041791389693,2.61179899283166
Russia,2022,1675.461,145579889.0,1484605556957.56,8626.76,10197.8753188743,5.810809450073081e-09,0.19421671635701004,-0.1757334936081545,-1.262367046703694,5.055277862585794,-3.3712789057187775,-0.18994221646485565,0.055956200090312436
Russia,2023,1733.135,145440502.0,1545214947189.49,8760.904,10624.378532394574,5.669699232417306e-09,0.1978260462618926,-0.09574605459412577,4.182275230712995,-2.4284089655357666,1.858403320056068,-0.07424704673414384,3.442276483905027
Russia,2024,1780.524,144820421.0,1612344875264.36,9049.149,11133.408286835183,5.612415270967572e-09,0.19676148552753414,-0.42634685075551015,4.791148516485344,-1.0103527383287902,-0.5381297126815787,-0.0820255791977087,2.734293635521756
